"PathName","N_Genes","DeltaFold","BestPvalue","Fold_Rv0827c_DMSO_noDrug","Pvalue_Rv0827c_DMSO_noDrug","Fold_Rv0827c_DMSO_RIF","Pvalue_Rv0827c_DMSO_RIF"
"arachidonate-CoA ligase activity",2,0.15483,"3.02e-02",0.07481,"3.82e-02",-0.08001,"3.02e-02"
"arachidonate-CoA ligase activity, and Adrenoleukodystrophy",4,0.13887,"2.07e-03",0.0611,"2.07e-03",-0.07777,"4.19e-03"
"Fatty acid elongation, and acyl-CoA desaturase activity",2,0.16292,"3.44e-01",0.08104,"3.44e-01",-0.08187,"4.26e-01"
"Fundus albipunctatus, and Retinoic acid biosynthetic process",2,0.13085,"5.77e-02",0.05295,"1.00e+00",-0.07789,"5.77e-02"
"Retinoic acid biosynthetic process, and Hypervitaminosis A",2,0.13085,"5.77e-02",0.05295,"1.00e+00",-0.07789,"5.77e-02"
"Basal transcription factors",2,0.1587,"4.47e-01",-0.07745,"8.20e-01",0.08125,"4.47e-01"
"Transcription factor TFIIH core complex, and Transcription preinitiation complex",2,0.1587,"4.47e-01",-0.07745,"8.20e-01",0.08125,"4.47e-01"
"mRNA Splicing - Major Pathway, and Sm-like protein family complex",3,0.12843,"1.18e-01",0.06886,"2.58e-01",-0.05957,"1.18e-01"
"Transcription initiation from RNA polymerase II promoter, and Transcription factor TFIIH core complex",2,0.1587,"4.47e-01",-0.07745,"8.20e-01",0.08125,"4.47e-01"
"mRNA Splicing, and Nuclear-transcribed mRNA catabolic process, nonsense-mediated decay",3,0.12843,"1.18e-01",0.06886,"2.58e-01",-0.05957,"1.18e-01"
"mRNA Splicing, and Sm-like protein family complex",3,0.12843,"1.18e-01",0.06886,"2.58e-01",-0.05957,"1.18e-01"
"RNA Polymerase III Transcription Initiation, and RNA Polymerase I Transcription Termination",2,0.14951,"4.79e-01",-0.10415,"4.79e-01",0.04536,"1.00e+00"
"Processing of Capped Intron-Containing Pre-mRNA, and Nuclear transport",3,0.12843,"1.18e-01",0.06886,"2.58e-01",-0.05957,"1.18e-01"
"Amino acid transport across the plasma membrane, and Hexose transmembrane transporter activity",4,0.11959,"4.47e-02",0.05897,"4.47e-02",-0.06062,"6.12e-02"
"Very long-chain fatty acid catabolic process, and Ovarian follicle atresia",2,0.12291,"1.03e-01",0.04739,"1.03e-01",-0.07552,"2.36e-01"
"Steroid biosynthesis",3,0.11985,"7.36e-02",0.06033,"9.33e-02",-0.05952,"7.36e-02"
"Palmitoyl hydrolase activity, and AB hydrolase 4 family",2,0.18803,"1.00e+00",0.13279,"1.00e+00",-0.05524,"1.00e+00"
"tRNA methyltransferase complex",2,0.12839,"4.05e-01",0.05307,"4.05e-01",-0.07533,"9.10e-01"
"Selenocysteine, and selenocysteinyl-tRNA(Sec) biosynthetic process",2,0.117,"6.00e-02",0.06966,"6.00e-02",-0.04734,"1.00e+00"
"Sulindac metabolic pathway, and Occult macular dystrophy",2,0.117,"6.00e-02",0.06966,"6.00e-02",-0.04734,"1.00e+00"
"Ion transport by P-type ATPases, and ATPase dependent transmembrane transport complex",4,0.11705,"1.62e-01",0.06935,"1.62e-01",-0.0477,"1.00e+00"
"Glycosylphosphatidylinositol (GPI)-anchor biosynthesis",2,0.11462,"6.17e-02",0.04624,"1.00e+00",-0.06838,"6.17e-02"
"GPI anchor metabolic process",2,0.11462,"6.17e-02",0.04624,"1.00e+00",-0.06838,"6.17e-02"
"The canonical retinoid cycle in rods (twilight vision), and Retinal metabolic process",4,0.09801,"5.06e-02",0.04259,"1.00e+00",-0.05543,"5.06e-02"
"Nucleoside diphosphate kinase, active site, and dGDP metabolic process",3,0.09412,"1.77e-02",-0.04494,"1.77e-02",0.04917,"1.96e-02"
"Cholesterol biosynthesis pathway",2,0.10021,"3.67e-01",0.0476,"6.39e-01",-0.05262,"3.67e-01"
"Amino acid transport across the plasma membrane",3,0.09825,"2.48e-01",0.04708,"3.82e-01",-0.05117,"2.48e-01"
"Nucleoside diphosphate kinase, active site",2,0.09032,"2.23e-02",-0.04468,"1.41e-01",0.04564,"2.23e-02"
"Peroxisome biogenesis disorder, and Microbody membrane",4,0.11953,"1.00e+00",0.06869,"1.00e+00",-0.05084,"1.00e+00"
"Peroxisome biogenesis disorder, and Wax and plasmalogen biosynthesis",4,0.11953,"1.00e+00",0.06869,"1.00e+00",-0.05084,"1.00e+00"
"Alpha/beta hydrolase fold-1, and Serine aminopeptidase, S33",4,0.11707,"1.00e+00",0.08517,"1.00e+00",-0.03191,"1.00e+00"
"Sodium:proton antiporter activity, and Dedicator of cytokinesis B, C2 domain",2,0.09862,"8.22e-01",0.06328,"8.22e-01",-0.03533,"1.00e+00"
"EKC/KEOPS complex, and Regulation of toll-like receptor 8 signaling pathway",2,0.08925,"5.36e-01",-0.03302,"1.00e+00",0.05622,"5.36e-01"
"RA biosynthesis pathway, and Fundus albipunctatus",3,0.08519,"2.97e-01",0.03471,"1.00e+00",-0.05048,"2.97e-01"
"RNA Polymerase II Pre-transcription Events, and Mediator complex",3,0.09733,"1.00e+00",-0.0647,"1.00e+00",0.03263,"1.00e+00"
"Pattern specification process, and DNA-binding transcription factor activity, RNA polymerase II-specific",2,0.09417,"1.00e+00",0.0551,"1.00e+00",-0.03907,"1.00e+00"
"Proton-transporting V-type ATPase complex, and Pyrophosphate hydrolysis",2,0.09042,"8.46e-01",-0.02338,"1.00e+00",0.06705,"8.46e-01"
"NUDIX hydrolase domain, and HIT-like superfamily",4,0.09202,"9.30e-01",0.04133,"9.30e-01",-0.05069,"1.00e+00"
"Pyrophosphate hydrolysis, and P-type potassium:proton transporter activity",2,0.09042,"8.46e-01",-0.02338,"1.00e+00",0.06705,"8.46e-01"
"NUDIX hydrolase-like domain superfamily, and Adenosine 5-monophosphoramidase activity",4,0.09202,"9.30e-01",0.04133,"9.30e-01",-0.05069,"1.00e+00"
"Glycogen storage disease I, and Ribokinase-like",2,0.08654,"6.39e-01",0.04567,"6.39e-01",-0.04087,"1.00e+00"
"Sphingolipid metabolism",2,0.07874,"7.46e-02",-0.04359,"8.19e-01",0.03515,"7.46e-02"
"Regulation of cholesterol storage, and Cellular response to sterol depletion",2,0.08711,"8.79e-01",-0.06133,"8.79e-01",0.02577,"1.00e+00"
"Sphingolipid metabolism, and Palmitoyltransferase complex",2,0.07874,"7.46e-02",-0.04359,"8.19e-01",0.03515,"7.46e-02"
"Regulation of lipid storage, and PPAR signaling pathway",2,0.08711,"8.79e-01",-0.06133,"8.79e-01",0.02577,"1.00e+00"
"Mitochondrial trifunctional protein deficiency, and Mitochondrial beta-oxidation",3,0.0754,"8.28e-02",0.03358,"3.34e-01",-0.04182,"8.28e-02"
"Amino acids regulate mTORC1, and MTOR signalling",3,0.0803,"6.66e-01",-0.027,"1.00e+00",0.05329,"6.66e-01"
"Asparaginase activity, and Asparagine synthase",2,0.07909,"5.77e-01",-0.03801,"5.77e-01",0.04108,"6.91e-01"
"Amino sugar and nucleotide sugar metabolism, and Alpha-D-phosphohexomutase, alpha/beta/alpha domain II",8,0.0836,"1.00e+00",0.0383,"1.00e+00",-0.04531,"1.00e+00"
"DNA-directed RNA polymerase complex, and Positive regulation of transcription elongation from RNA polymerase II promoter",4,0.08253,"1.00e+00",-0.04933,"1.00e+00",0.0332,"1.00e+00"
"Ferritin complex, and Aconitase A, swivel domain",2,0.08015,"9.88e-01",0.03466,"1.00e+00",-0.0455,"9.88e-01"
"Heme a metabolic process, and NARP syndrome",2,0.07267,"3.98e-01",-0.04426,"3.98e-01",0.02841,"6.84e-01"
"Respiratory chain complex IV assembly",2,0.07267,"3.98e-01",-0.04426,"3.98e-01",0.02841,"6.84e-01"
"Respiratory chain complex IV assembly, and Mitochondrial splicing suppressor 51-like, C-terminal domain",2,0.07267,"3.98e-01",-0.04426,"3.98e-01",0.02841,"6.84e-01"
"tRNA methylation",3,0.07992,"1.00e+00",0.03546,"1.00e+00",-0.04446,"1.00e+00"
"tRNA methylation, and MafB19-like deaminase",3,0.07992,"1.00e+00",0.03546,"1.00e+00",-0.04446,"1.00e+00"
"Mucopolysaccharidosis type IIIB",2,0.07479,"7.54e-01",0.02841,"1.00e+00",-0.04638,"7.54e-01"
"tRNA methyltransferase complex, and 16S rRNA methyltransferase RsmB/F",3,0.07992,"1.00e+00",0.03546,"1.00e+00",-0.04446,"1.00e+00"
"Gamma-aminobutyric acid A receptor/Glycine receptor alpha, and Amino acid:sodium symporter activity",2,0.06231,"3.51e-03",0.03765,"3.51e-03",-0.02466,"1.00e+00"
"tRNA methyltransferase complex, and rRNA (guanine-N7)-methylation",3,0.07992,"1.00e+00",0.03546,"1.00e+00",-0.04446,"1.00e+00"
"Vitamin A and carotenoid metabolism, and RA biosynthesis pathway",6,0.06823,"2.54e-01",0.02042,"1.00e+00",-0.04781,"2.54e-01"
"Ether lipid metabolism, and Arachidonic acid metabolism",3,0.0771,"1.00e+00",0.02311,"1.00e+00",-0.05399,"1.00e+00"
"Major intrinsic protein, and Carbohydrate kinase, FGGY, N-terminal",2,0.06828,"4.16e-01",-0.04872,"4.16e-01",0.01956,"1.00e+00"
"Arachidonate production from DAG, and Cannabis abuse",4,0.07156,"7.78e-01",0.03632,"7.78e-01",-0.03524,"1.00e+00"
"GMP biosynthesis, and Thiopurine S-methyltransferase deficiency",3,0.06188,"1.80e-01",-0.02583,"1.80e-01",0.03604,"9.71e-01"
"Mucopolysaccharidosis III, and The activation of arylsulfatases",3,0.0623,"3.79e-01",0.01244,"1.00e+00",-0.04987,"3.79e-01"
"Ether lipid metabolism, and Kennedy pathway from sphingolipids",2,0.07226,"1.00e+00",0.01914,"1.00e+00",-0.05311,"1.00e+00"
"Degradation pathway of sphingolipids, including diseases, and GM1 gangliosidosis",2,0.07001,"9.09e-01",-0.05528,"9.09e-01",0.01472,"1.00e+00"
"Ether lipid metabolism, and Lysophospholipase activity",2,0.07226,"1.00e+00",0.01914,"1.00e+00",-0.05311,"1.00e+00"
"Short-chain fatty acid catabolic process, and Thymine catabolic process",4,0.0614,"1.83e-01",0.02437,"1.00e+00",-0.03703,"1.83e-01"
"Processing of Capped Intron-Containing Pre-mRNA, and mRNA metabolic process",5,0.06431,"7.67e-01",0.04233,"7.67e-01",-0.02198,"1.00e+00"
"Pyridine nucleotide-disulphide oxidoreductase, and D-amino-acid oxidase",3,0.06165,"3.58e-01",-0.039,"3.58e-01",0.02266,"1.00e+00"
"Glycerophospholipid catabolism, and YhhN family",2,0.07226,"1.00e+00",0.01914,"1.00e+00",-0.05311,"1.00e+00"
"Other glycan degradation, and Galactolipid metabolic process",2,0.07001,"9.09e-01",-0.05528,"9.09e-01",0.01472,"1.00e+00"
"Aldehyde dehydrogenase NAD(P)-dependent, and Ethanol binding",2,0.06022,"2.32e-01",-0.02963,"2.32e-01",0.03059,"3.46e-01"
"U2-type spliceosomal complex, and mRNA Splicing - Major Pathway",2,0.05699,"6.36e-02",0.02743,"6.36e-02",-0.02957,"1.18e-01"
"Galactosemia, and Alpha-D-phosphohexomutase, alpha/beta/alpha I/II/III",2,0.07042,"1.00e+00",0.0436,"1.00e+00",-0.02682,"1.00e+00"
"Cholesterol biosynthesis",4,0.06347,"8.47e-01",0.02787,"1.00e+00",-0.0356,"8.47e-01"
"rRNA modification in the mitochondrion, and Regulation of mitochondrial translation",6,0.05848,"3.34e-01",-0.02845,"3.34e-01",0.03003,"5.56e-01"
"U2-type spliceosomal complex, and Sm-like protein family complex",2,0.05699,"6.36e-02",0.02743,"6.36e-02",-0.02957,"1.18e-01"
"CDP-diacylglycerol biosynthetic process, and Diacylglycerol kinase",3,0.0559,"1.70e-01",0.03333,"1.70e-01",-0.02257,"7.72e-01"
"CDP-diacylglycerol biosynthetic process, and glycerol-3-phosphate dehydrogenase complex",3,0.0559,"1.70e-01",0.03333,"1.70e-01",-0.02257,"7.72e-01"
"SLC-mediated transmembrane transport, and Monocarboxylic acid transmembrane transporter activity",10,0.05806,"5.52e-01",0.01969,"1.00e+00",-0.03837,"5.52e-01"
"Glycerolipid metabolism",3,0.0559,"1.70e-01",0.03333,"1.70e-01",-0.02257,"7.72e-01"
"NUDIX hydrolase-like domain superfamily",2,0.06287,"1.00e+00",0.03284,"1.00e+00",-0.03003,"1.00e+00"
"Glycerolipid metabolism, and Phosphatidylglycerol biosynthetic process",3,0.0559,"1.70e-01",0.03333,"1.70e-01",-0.02257,"7.72e-01"
"Zinc homeostasis, and Villin/Gelsolin",3,0.06214,"1.00e+00",-0.04174,"1.00e+00",0.0204,"1.00e+00"
"Hydrogen sulfide metabolic process",3,0.05809,"8.48e-01",-0.01587,"1.00e+00",0.04222,"8.48e-01"
"Cholesterol biosynthesis, and Primary bile acid biosynthesis",5,0.05527,"4.02e-01",0.01577,"1.00e+00",-0.0395,"4.02e-01"
"Immune response, and Apoptosis modulation and signaling",3,0.0606,"1.00e+00",-0.02403,"1.00e+00",0.03657,"1.00e+00"
"cAMP metabolic process, and Adenylate kinase activity",2,0.05562,"6.24e-01",0.02076,"1.00e+00",-0.03486,"6.24e-01"
"Retinol metabolism, and CYP2E1 reactions",3,0.05701,"1.00e+00",0.00453,"1.00e+00",-0.05248,"1.00e+00"
"SLC-mediated transmembrane transport, and ABC transporters",9,0.05523,"7.80e-01",0.01727,"1.00e+00",-0.03796,"7.80e-01"
"SLC-mediated transmembrane transport, and ABC-type xenobiotic transporter activity",9,0.05523,"7.80e-01",0.01727,"1.00e+00",-0.03796,"7.80e-01"
"mRNA pseudouridine synthesis",3,0.05376,"7.17e-01",-0.03309,"7.17e-01",0.02068,"1.00e+00"
"Beta oxidation of lauroyl-CoA to decanoyl-CoA-CoA, and Peroxisomal beta-oxidation of tetracosanoyl-CoA",8,0.04641,"1.39e-01",0.02228,"1.39e-01",-0.02413,"2.86e-01"
"Mitochondrial calcium ion transmembrane transport",2,0.04737,"6.57e-01",-0.02853,"6.57e-01",0.01885,"9.65e-01"
"Aminoacyl-tRNA synthetase, class Ia, anticodon-binding",2,0.04795,"7.91e-01",0.02119,"1.00e+00",-0.02676,"7.91e-01"
"Mitochondrial calcium ion transport, and ADP/ATP carrier protein, eukaryotic type",2,0.04737,"6.57e-01",-0.02853,"6.57e-01",0.01885,"9.65e-01"
"Processing of SMDT1",2,0.04737,"6.57e-01",-0.02853,"6.57e-01",0.01885,"9.65e-01"
"Villin/Gelsolin, and NRAMP family",2,0.05424,"1.00e+00",-0.02421,"1.00e+00",0.03003,"1.00e+00"
"Polyamine metabolic process, and L-methionine salvage from methylthioadenosine",3,0.05014,"1.00e+00",0.01487,"1.00e+00",-0.03527,"1.00e+00"
"Synthesis and degradation of ketone bodies",4,0.04999,"1.00e+00",0.01934,"1.00e+00",-0.03064,"1.00e+00"
"Vesicle-mediated transport, and Amino acids regulate mTORC1",7,0.04971,"1.00e+00",-0.02085,"1.00e+00",0.02886,"1.00e+00"
"Voltage-gated channel, and Calmodulin-binding",2,0.04899,"1.00e+00",-0.03984,"1.00e+00",0.00915,"1.00e+00"
"Detoxification of Reactive Oxygen Species, and Heme catabolic process",6,0.04759,"1.00e+00",0.02585,"1.00e+00",-0.02174,"1.00e+00"
"Fatty acid beta-oxidation, and Valine catabolic process",19,0.04137,"4.25e-02",0.01692,"3.27e-01",-0.02445,"4.25e-02"
"Protein urmylation",2,0.04583,"9.00e-01",0.0346,"9.00e-01",-0.01124,"1.00e+00"
"Endoplasmic reticulum chaperone complex",2,0.0447,"5.91e-01",-0.01857,"1.00e+00",0.02613,"5.91e-01"
"tRNA wobble uridine modification",2,0.04583,"9.00e-01",0.0346,"9.00e-01",-0.01124,"1.00e+00"
"Endoplasmic reticulum chaperone complex, and ARMET-like",2,0.0447,"5.91e-01",-0.01857,"1.00e+00",0.02613,"5.91e-01"
"tRNA wobble uridine modification, and Peptidyl-diphthamide metabolic process",2,0.04583,"9.00e-01",0.0346,"9.00e-01",-0.01124,"1.00e+00"
"Fatty acid beta-oxidation, and Ketone body metabolism",23,0.04057,"2.52e-02",0.01616,"8.01e-01",-0.02441,"2.52e-02"
"Photodynamic therapy-induced unfolded protein response, and IRE1-TRAF2-ASK1 complex",2,0.0447,"5.91e-01",-0.01857,"1.00e+00",0.02613,"5.91e-01"
"Valine biosynthetic process, and 3-methyl-2-oxobutanoate dehydrogenase (2-methylpropanoyl-transferring) activity",3,0.04735,"1.00e+00",-0.0295,"1.00e+00",0.01785,"1.00e+00"
"UMP salvage",3,0.04642,"1.00e+00",0.02004,"1.00e+00",-0.02638,"1.00e+00"
"Hemochromatosis, and Ferritin complex",3,0.0459,"1.00e+00",0.01453,"1.00e+00",-0.03136,"1.00e+00"
"Defective CYP11A1 causes AICSR, and cytochrome-b5 reductase activity, acting on NAD(P)H",2,0.04199,"4.84e-01",0.01735,"1.00e+00",-0.02464,"4.84e-01"
"Pseudouridine synthase activity, and tRNA modification in the mitochondrion",7,0.04243,"7.05e-01",-0.02016,"1.00e+00",0.02227,"7.05e-01"
"Phosphoglycerate kinase, and Aerobic glycolysis",4,0.04545,"1.00e+00",0.02227,"1.00e+00",-0.02319,"1.00e+00"
"rRNA modification in the mitochondrion, and OBG-type GTPase",2,0.04538,"1.00e+00",-0.02496,"1.00e+00",0.02042,"1.00e+00"
"Porphyrin biosynthesis",4,0.04515,"1.00e+00",-0.02175,"1.00e+00",0.0234,"1.00e+00"
"Cation channel activity, and Renin-angiotensin-aldosterone system (RAAS)",3,0.04203,"9.85e-01",-0.03105,"9.85e-01",0.01098,"1.00e+00"
"Ubiquinone biosynthesis",3,0.04433,"1.00e+00",-0.01783,"1.00e+00",0.0265,"1.00e+00"
"Complement and coagulation cascades, and Protein-lipid complex",2,0.04396,"1.00e+00",0.01699,"1.00e+00",-0.02697,"1.00e+00"
"Lipoprotein particle, and Assembly of active LPL and LIPC lipase complexes",2,0.04396,"1.00e+00",0.01699,"1.00e+00",-0.02697,"1.00e+00"
"Nucleoside diphosphate kinase activity, and Ribonucleoside-diphosphate reductase activity",5,0.04249,"1.00e+00",-0.02306,"1.00e+00",0.01943,"1.00e+00"
"Organellar ribosome",22,0.04212,"1.00e+00",-0.02298,"1.00e+00",0.01914,"1.00e+00"
"Glutathione synthesis and recycling",4,0.04127,"1.00e+00",-0.02474,"1.00e+00",0.01653,"1.00e+00"
"Postsynaptic cell membrane, and Protein-protein interactions at synapses",3,0.03796,"5.56e-01",0.02649,"5.56e-01",-0.01147,"1.00e+00"
"Glutathione synthesis and recycling, and Alkaline phosphatase",4,0.04127,"1.00e+00",-0.02474,"1.00e+00",0.01653,"1.00e+00"
"Transmitter-gated channel activity, and Neurexins and neuroligins",3,0.03796,"5.56e-01",0.02649,"5.56e-01",-0.01147,"1.00e+00"
"Amine binding, and Neurotransmitter disorders",2,0.04055,"1.00e+00",-0.0268,"1.00e+00",0.01375,"1.00e+00"
"Dopamine catabolic process",2,0.04055,"1.00e+00",-0.0268,"1.00e+00",0.01375,"1.00e+00"
"Cyclic nucleotide metabolic process, and Protein kinase A binding",3,0.03747,"7.60e-01",0.00798,"1.00e+00",-0.02948,"7.60e-01"
"Neurotransmitter disorders, and Autosomal recessive nonsyndromic deafness 63",2,0.04055,"1.00e+00",-0.0268,"1.00e+00",0.01375,"1.00e+00"
"Steroid hormone biosynthesis, and Oxidation by cytochrome P450",13,0.03678,"6.52e-01",0.00411,"1.00e+00",-0.03267,"6.52e-01"
"Serotonin receptors, and Neurotransmitter disorders",2,0.04055,"1.00e+00",-0.0268,"1.00e+00",0.01375,"1.00e+00"
"Fatty acid beta-oxidation, and Valine, leucine and isoleucine degradation",34,0.03129,"1.70e-01",0.01205,"1.00e+00",-0.01923,"1.70e-01"
"Dihydrolipoyl dehydrogenase complex",3,0.0405,"1.00e+00",-0.01563,"1.00e+00",0.02487,"1.00e+00"
"GPI anchor metabolic process, and Oligosaccharide-lipid intermediate biosynthetic process",6,0.03929,"1.00e+00",0.01643,"1.00e+00",-0.02286,"1.00e+00"
"Cytoplasmic ribosomal proteins",6,0.03927,"1.00e+00",-0.0223,"1.00e+00",0.01698,"1.00e+00"
"Viral mRNA Translation",6,0.03927,"1.00e+00",-0.0223,"1.00e+00",0.01698,"1.00e+00"
"Cilium Assembly, and Centriole",2,0.03908,"1.00e+00",0.0206,"1.00e+00",-0.01848,"1.00e+00"
"Cilium Assembly, and Ciliopathies",2,0.03908,"1.00e+00",0.0206,"1.00e+00",-0.01848,"1.00e+00"
"Vitamin B6 metabolism",4,0.03883,"1.00e+00",-0.01953,"1.00e+00",0.0193,"1.00e+00"
"Porphyrin biosynthesis, and Iron import into the mitochondrion",5,0.03872,"1.00e+00",-0.02006,"1.00e+00",0.01866,"1.00e+00"
"Ubiquinone biosynthesis complex",2,0.0382,"1.00e+00",-0.01804,"1.00e+00",0.02015,"1.00e+00"
"Fructose 2,6-bisphosphate metabolic process, and Glycogen storage disease VII",3,0.03685,"1.00e+00",-0.02695,"1.00e+00",0.0099,"1.00e+00"
"Carboxylic acid metabolic process, and Lipid metabolism",200,0.02339,"2.64e-04",0.00788,"1.00e+00",-0.01551,"2.64e-04"
"Cation channel activity, and Contractile fiber",4,0.03614,"1.00e+00",-0.02717,"1.00e+00",0.00898,"1.00e+00"
"NADH dehydrogenase (ubiquinone) activity",7,0.03426,"1.00e+00",0.02315,"1.00e+00",-0.01111,"1.00e+00"
"Coenzyme A biosynthesis, and Pantetheine hydrolase activity",2,0.03404,"1.00e+00",-0.01143,"1.00e+00",0.02262,"1.00e+00"
"Aminoacyl-tRNA synthetase",5,0.03379,"1.00e+00",0.01707,"1.00e+00",-0.01672,"1.00e+00"
"Aminoacyl-tRNA synthetase, class I, conserved site, and tRNA-binding domain",5,0.03379,"1.00e+00",0.01707,"1.00e+00",-0.01672,"1.00e+00"
"Organellar ribosome, and Regulation of mitochondrial gene expression",32,0.03375,"1.00e+00",-0.01951,"1.00e+00",0.01424,"1.00e+00"
"Fatty acid beta-oxidation",13,0.03341,"1.00e+00",0.01487,"1.00e+00",-0.01854,"1.00e+00"
"Carboxylic acid metabolic process, and Oxidoreductase",185,0.01958,"4.84e-03",0.00583,"1.00e+00",-0.01374,"4.84e-03"
"Tryptophan synthase beta chain-like, PALP domain superfamily, and Serine biosynthesis",4,0.03225,"1.00e+00",0.01553,"1.00e+00",-0.01673,"1.00e+00"
"Small molecule metabolic process, and Glycerophospholipid metabolism",244,0.01926,"4.92e-03",0.0064,"1.00e+00",-0.01286,"4.92e-03"
"Small molecule metabolic process, and Transmembrane transport",306,0.01917,"3.44e-03",0.00725,"1.00e+00",-0.01192,"3.44e-03"
"Detoxification of Reactive Oxygen Species, and Copper transport",9,0.03194,"1.00e+00",0.01606,"1.00e+00",-0.01589,"1.00e+00"
"Tetrahydrofolate metabolic process",7,0.02595,"8.29e-01",-0.00237,"1.00e+00",0.02358,"8.29e-01"
"Extracellular matrix organization, and Defective B3GALTL causes PpS",2,0.03056,"1.00e+00",-0.01147,"1.00e+00",0.01909,"1.00e+00"
"Extracellular matrix organization, and TSP type-3 repeat",2,0.03056,"1.00e+00",-0.01147,"1.00e+00",0.01909,"1.00e+00"
"Alpha-glucosidase activity, and Carbohydrate phosphorylase",2,0.03018,"1.00e+00",-0.01957,"1.00e+00",0.01061,"1.00e+00"
"Carbohydrate phosphorylase, and Alpha amylase, catalytic domain",2,0.03018,"1.00e+00",-0.01957,"1.00e+00",0.01061,"1.00e+00"
"Starch and sucrose metabolism, and Starch binding",2,0.03018,"1.00e+00",-0.01957,"1.00e+00",0.01061,"1.00e+00"
"Pentose-phosphate shunt, non-oxidative branch",2,0.0292,"1.00e+00",0.01406,"1.00e+00",-0.01515,"1.00e+00"
"Peroxisomal beta-oxidation of tetracosanoyl-CoA, and Beta oxidation of butanoyl-CoA to acetyl-CoA",5,0.02902,"1.00e+00",0.0155,"1.00e+00",-0.01352,"1.00e+00"
"Small molecule metabolic process, and Mitochondrial envelope",277,0.01681,"1.87e-02",0.00568,"1.00e+00",-0.01113,"1.87e-02"
"Synapse, and Protein-protein interactions at synapses",4,0.02877,"1.00e+00",0.01559,"1.00e+00",-0.01318,"1.00e+00"
"O-linked glycosylation of mucins, and Oligosaccharide metabolic process",4,0.02819,"1.00e+00",0.00343,"1.00e+00",-0.02476,"1.00e+00"
"Mitochondrial translation initiation",26,0.02805,"1.00e+00",-0.01745,"1.00e+00",0.0106,"1.00e+00"
"Phosphoglycerate mutase 1, and Enolase, conserved site",5,0.02753,"1.00e+00",0.01351,"1.00e+00",-0.01402,"1.00e+00"
"Tetrahydrofolate dehydrogenase/cyclohydrolase, and Hydroxymethyl-, formyl- and related transferase activity",4,0.02723,"1.00e+00",-0.00494,"1.00e+00",0.02228,"1.00e+00"
"Glutathione peroxidase, and Glutathione-disulfide reductase (NADPH) activity",2,0.02717,"1.00e+00",0.01728,"1.00e+00",-0.00989,"1.00e+00"
"Aminopeptidase, and Meprin A complex",3,0.02675,"1.00e+00",0.00341,"1.00e+00",-0.02334,"1.00e+00"
"Mitochondrial fatty acid synthesis pathway, and (3R)-hydroxyacyl-CoA dehydrogenase (NAD) activity",3,0.02675,"1.00e+00",0.00239,"1.00e+00",-0.02436,"1.00e+00"
"Urea cycle",4,0.02583,"1.00e+00",0.0093,"1.00e+00",-0.01653,"1.00e+00"
"Glutamine family amino acid biosynthetic process, and Proline metabolism",8,0.02568,"1.00e+00",0.0018,"1.00e+00",-0.02388,"1.00e+00"
"Urea cycle, and Gyrate atrophy",5,0.02526,"1.00e+00",0.01328,"1.00e+00",-0.01198,"1.00e+00"
"Endoribonuclease complex, and Argonaute hook",2,0.01593,"4.05e-01",0.00254,"1.00e+00",0.03441,"4.05e-01"
"Atorvastatin ADME, and Ciprofloxacin ADME",2,0.02504,"1.00e+00",-0.00973,"1.00e+00",-0.0598,"1.00e+00"
"Biological oxidations, and Steroid biosynthetic process",37,0.02455,"1.00e+00",0.00786,"1.00e+00",-0.01669,"1.00e+00"
"Tricarboxylic acid cycle",10,0.02351,"1.00e+00",0.00094,"1.00e+00",-0.02257,"1.00e+00"
"Protein processing in endoplasmic reticulum, and Protein export",3,0.02319,"1.00e+00",-0.00564,"1.00e+00",0.01755,"1.00e+00"
"Cellular_component",531,0.01294,"8.75e-03",0.00405,"1.00e+00",-0.00889,"8.75e-03"
"Respiratory chain complex",8,0.0231,"1.00e+00",0.01748,"1.00e+00",-0.00562,"1.00e+00"
"Interconversion of nucleotide di- and triphosphates, and UTP metabolic process",6,0.02302,"1.00e+00",-0.01641,"1.00e+00",0.00661,"1.00e+00"
"Autophagy, and Parkinson disease",2,0.0225,"1.00e+00",-0.00962,"1.00e+00",0.01288,"1.00e+00"
"Carboxylic acid metabolic process, and Starch and sucrose metabolism",141,0.01494,"6.10e-01",0.00393,"1.00e+00",-0.01101,"6.10e-01"
"Translation, and Translation factor activity, RNA binding",53,0.02183,"1.00e+00",-0.01646,"1.00e+00",0.00537,"1.00e+00"
"Translation, and This family consists of several GAGE and XAGE proteins which are found exclusively in humans. The function of this family is unknown although they have been implicated in human cancers (PMID:11992404)",65,0.01987,"1.00e+00",-0.01391,"1.00e+00",0.00596,"1.00e+00"
"Quinone biosynthetic process",4,0.01846,"1.00e+00",-0.00547,"1.00e+00",0.01299,"1.00e+00"
"Respiratory chain complex, and Complex I biogenesis",11,0.01791,"1.00e+00",0.01573,"1.00e+00",-0.00218,"1.00e+00"
"Respiratory electron transport, ATP synthesis by chemiosmotic coupling, and heat production by uncoupling proteins.",11,0.01791,"1.00e+00",0.01573,"1.00e+00",-0.00218,"1.00e+00"
"Respiratory electron transport, ATP synthesis by chemiosmotic coupling, and heat production by uncoupling proteins., and Proton-transporting ATP synthase complex",11,0.01791,"1.00e+00",0.01573,"1.00e+00",-0.00218,"1.00e+00"
"Respiratory electron transport, ATP synthesis by chemiosmotic coupling, and heat production by uncoupling proteins., and Respiratory chain complex IV",11,0.01791,"1.00e+00",0.01573,"1.00e+00",-0.00218,"1.00e+00"
"Folic acid-containing compound metabolic process",9,0.01789,"1.00e+00",-0.00113,"1.00e+00",0.01676,"1.00e+00"
"Purine ribonucleoside monophosphate biosynthetic process, and Uridine-diphosphatase activity",7,0.01789,"1.00e+00",-0.00226,"1.00e+00",0.01562,"1.00e+00"
"Myopathy, lactic acidosis, and sideroblastic anemia, and tRNA modification in the mitochondrion",3,0.01722,"1.00e+00",-0.00347,"1.00e+00",0.01375,"1.00e+00"
"Immune system process, and Signal",10,0.01654,"1.00e+00",0.01614,"1.00e+00",-0.00039,"1.00e+00"
"Organellar small ribosomal subunit",10,0.0165,"1.00e+00",-0.00726,"1.00e+00",0.00925,"1.00e+00"
"Glycine encephalopathy",4,0.01644,"1.00e+00",0.00487,"1.00e+00",-0.01157,"1.00e+00"
"Folic acid-containing compound metabolic process, and Cysteine and methionine catabolism",17,0.01627,"1.00e+00",-0.00261,"1.00e+00",0.01367,"1.00e+00"
"Pyrimidine metabolism, and Purine nucleoside monophosphate biosynthetic process",21,0.01592,"1.00e+00",-0.00844,"1.00e+00",0.00748,"1.00e+00"
"Exosome (RNase complex)",2,0.01568,"1.00e+00",0.00489,"1.00e+00",-0.01078,"1.00e+00"
"Exosome (RNase complex), and TRAMP complex",2,0.01568,"1.00e+00",0.00489,"1.00e+00",-0.01078,"1.00e+00"
"Extracellular matrix organization, and Biomineralization",3,0.01514,"1.00e+00",-0.00543,"1.00e+00",0.00971,"1.00e+00"
"Biological_process",503,0.00979,"2.84e-01",0.00233,"1.00e+00",-0.00746,"2.84e-01"
"Extracellular matrix organization, and Extracellular matrix",3,0.01514,"1.00e+00",-0.00543,"1.00e+00",0.00971,"1.00e+00"
"Sodium-independent organic anion transmembrane transporter activity, and Xenobiotic export from cell",3,0.0149,"1.00e+00",-0.014,"1.00e+00",-0.0438,"1.00e+00"
"Xenobiotic transport, and Sodium-independent organic anion transmembrane transporter activity",3,0.0149,"1.00e+00",-0.014,"1.00e+00",-0.0438,"1.00e+00"
"Primary hyperoxaluria type 2, and FMN-dependent dehydrogenase",2,0.01466,"1.00e+00",0.01076,"1.00e+00",-0.0039,"1.00e+00"
"Hydrogen sulfide metabolic process, and S-adenosylmethionine metabolic process",8,0.01445,"1.00e+00",-0.00426,"1.00e+00",0.01018,"1.00e+00"
"Nicotinate and nicotinamide metabolism, and Vitamin B6 metabolism",10,0.01422,"1.00e+00",-0.00675,"1.00e+00",0.00747,"1.00e+00"
"Alcohol dehydrogenase (NAD+) activity, and Aldehyde dehydrogenase NAD(P)-dependent",3,0.01382,"1.00e+00",-0.01129,"1.00e+00",0.00252,"1.00e+00"
"Metabolism of xenobiotics by cytochrome P450",3,0.01382,"1.00e+00",-0.01129,"1.00e+00",0.00252,"1.00e+00"
"Metabolic process, and Transport",443,0.00973,"7.82e-01",0.00244,"1.00e+00",-0.00729,"7.82e-01"
"Translation, and Ribosome biogenesis",81,0.01368,"1.00e+00",-0.01041,"1.00e+00",0.00326,"1.00e+00"
"Glycine encephalopathy, and Glycine cleavage system H-protein",6,0.01365,"1.00e+00",-0.00948,"1.00e+00",0.00417,"1.00e+00"
"Organellar large ribosomal subunit",17,0.01293,"1.00e+00",-0.00989,"1.00e+00",0.00304,"1.00e+00"
"Metabolism of nucleotides, and Ribose-phosphate pyrophosphokinase",24,0.01244,"1.00e+00",-0.00666,"1.00e+00",0.00577,"1.00e+00"
"Allyl-alcohol dehydrogenase activity, and D-xylose metabolic process",4,0.01238,"1.00e+00",0.00775,"1.00e+00",-0.00462,"1.00e+00"
"Diabetic cataract, and D-xylose metabolic process",4,0.01238,"1.00e+00",0.00775,"1.00e+00",-0.00462,"1.00e+00"
"mRNA metabolic process, and Nuclear transport",7,0.01223,"1.00e+00",0.02549,"1.00e+00",0.00102,"1.00e+00"
"Urea cycle, and Proline metabolic process",6,0.01211,"1.00e+00",-0.0039,"1.00e+00",-0.02813,"1.00e+00"
"GrpE, and Hypomyelinating leukodystrophy 4",4,0.01209,"1.00e+00",0.00205,"1.00e+00",-0.01004,"1.00e+00"
"Pentose-phosphate shunt",6,0.01198,"1.00e+00",-0.00996,"1.00e+00",0.00202,"1.00e+00"
"Fructose and mannose metabolism",4,0.01195,"1.00e+00",-0.01089,"1.00e+00",0.00106,"1.00e+00"
"Adenosylhomocysteinase-like, and Cystathioninuria",2,0.01184,"1.00e+00",-0.0045,"1.00e+00",0.00733,"1.00e+00"
"S-adenosylmethionine metabolic process, and Cystathioninuria",5,0.01174,"1.00e+00",0.0027,"1.00e+00",-0.00904,"1.00e+00"
"Carboxylic acid metabolic process, and Pentose phosphate pathway",131,0.01144,"1.00e+00",0.00219,"1.00e+00",-0.00925,"1.00e+00"
"tRNA Aminoacylation, and glutamyl-tRNA(Gln) amidotransferase complex",12,0.01122,"1.00e+00",-0.00264,"1.00e+00",0.00858,"1.00e+00"
"Glutamine family amino acid biosynthetic process, and Arginine and proline metabolism",10,0.0112,"1.00e+00",-0.00106,"1.00e+00",-0.02346,"1.00e+00"
"Macromolecule metabolic process, and Chromosome",140,0.01097,"1.00e+00",-0.00792,"1.00e+00",0.00305,"1.00e+00"
"Modification-dependent protein catabolic process, and Cellular response to hypoxia",3,0.01089,"1.00e+00",-0.00633,"1.00e+00",0.00456,"1.00e+00"
"Neddylation, and Proteolysis involved in protein catabolic process",3,0.01089,"1.00e+00",-0.00633,"1.00e+00",0.00456,"1.00e+00"
"Neddylation, and Ubiquitin-dependent protein catabolic process",3,0.01089,"1.00e+00",-0.00633,"1.00e+00",0.00456,"1.00e+00"
"Dihydroorotase activity, and Protein transport protein Got1",2,0.01087,"1.00e+00",-0.00607,"1.00e+00",0.0048,"1.00e+00"
"Synthesis of GDP-mannose",2,0.01059,"1.00e+00",0.00464,"1.00e+00",-0.00595,"1.00e+00"
"L-lactate dehydrogenase, and Pyruvate kinase",3,0.00982,"1.00e+00",-0.00529,"1.00e+00",-0.02494,"1.00e+00"
"Quinone biosynthetic process, and Prenylation",5,0.00977,"1.00e+00",-0.00433,"1.00e+00",0.00543,"1.00e+00"
"Nicotinate and nicotinamide metabolism",5,0.00935,"1.00e+00",0.00427,"1.00e+00",-0.00508,"1.00e+00"
"Mitochondrial complex I deficiency",2,0.00933,"1.00e+00",0.02335,"1.00e+00",0.00468,"1.00e+00"
"Metabolic process, and Establishment of localization",450,0.00915,"1.00e+00",0.0023,"1.00e+00",-0.00685,"1.00e+00"
"Iron-sulfur cluster assembly complex, and Multiple mitochondrial dysfunctions syndrome 3",2,0.009,"1.00e+00",0.009,"1.00e+00",0,"1.00e+00"
"Mitochondrial iron-sulfur cluster biogenesis, and Multiple mitochondrial dysfunctions syndrome 3",2,0.009,"1.00e+00",0.009,"1.00e+00",0,"1.00e+00"
"Steroid hormone biosynthesis, and Arachidonic acid monooxygenase activity",4,0.00893,"1.00e+00",-0.01274,"1.00e+00",-0.03059,"1.00e+00"
"Defects in cobalamin (B12) metabolism",3,0.00888,"1.00e+00",-0.02527,"1.00e+00",-0.0075,"1.00e+00"
"Pyrimidine nucleoside monophosphate metabolic process, and XMP 5-nucleosidase activity",8,0.00888,"1.00e+00",-0.00787,"1.00e+00",0.00101,"1.00e+00"
"RNA binding, and Gene expression",104,0.00872,"1.00e+00",-0.00634,"1.00e+00",0.00238,"1.00e+00"
"RNA binding, and Protein folding",102,0.00823,"1.00e+00",-0.00631,"1.00e+00",0.00191,"1.00e+00"
"Microtubule-based process, and Ciliopathies",5,0.00804,"1.00e+00",0.00307,"1.00e+00",-0.00497,"1.00e+00"
"Microtubule-based process, and Cilium",5,0.00804,"1.00e+00",0.00307,"1.00e+00",-0.00497,"1.00e+00"
"Sphingolipid metabolism, and Lysosomal storage disease",7,0.0079,"1.00e+00",-0.02292,"1.00e+00",-0.00712,"1.00e+00"
"GDP-fucose biosynthesis, and peptide-O-fucosyltransferase activity",2,0.00789,"1.00e+00",-0.02137,"1.00e+00",-0.0056,"1.00e+00"
"O-linked glycosylation of mucins, and Glycosphingolipid biosynthesis - lacto and neolacto series",2,0.00789,"1.00e+00",-0.02137,"1.00e+00",-0.0056,"1.00e+00"
"Eukaryotic Translation Elongation, and Positive regulation of cyclin-dependent protein serine/threonine kinase activity",13,0.00772,"1.00e+00",-0.00287,"1.00e+00",-0.01831,"1.00e+00"
"Eukaryotic Translation Elongation, and Sec61 translocon complex",13,0.00772,"1.00e+00",-0.00287,"1.00e+00",-0.01831,"1.00e+00"
"Eukaryotic Translation Elongation, and This family consists of several GAGE and XAGE proteins which are found exclusively in humans. The function of this family is unknown although they have been implicated in human cancers (PMID:11992404)",13,0.00772,"1.00e+00",-0.00287,"1.00e+00",-0.01831,"1.00e+00"
"Glycolysis, and Sugar-phosphatase activity",10,0.00769,"1.00e+00",0.00103,"1.00e+00",-0.00666,"1.00e+00"
"Pyridine nucleotide biosynthesis",2,0.00755,"1.00e+00",-0.01799,"1.00e+00",-0.00288,"1.00e+00"
"Viral mRNA Translation, and Sec61 translocon complex",12,0.00744,"1.00e+00",-0.00031,"1.00e+00",-0.01519,"1.00e+00"
"Dolichol-linked oligosaccharide biosynthetic process",2,0.00734,"1.00e+00",-0.00159,"1.00e+00",0.00575,"1.00e+00"
"ATPase dependent transmembrane transport complex",2,0.00699,"1.00e+00",0.0252,"1.00e+00",0.01121,"1.00e+00"
"ATPase dependent transmembrane transport complex, and Ion-transport regulator, FXYD motif",2,0.00699,"1.00e+00",0.0252,"1.00e+00",0.01121,"1.00e+00"
"Purine metabolism, and Pyrimidine metabolism",27,0.00689,"1.00e+00",-0.00504,"1.00e+00",0.00185,"1.00e+00"
"Tetrahydrobiopterin biosynthetic process, and ACT domain",2,0.00687,"1.00e+00",0.02047,"1.00e+00",0.00672,"1.00e+00"
"Isocitrate/isopropylmalate dehydrogenase",3,0.00675,"1.00e+00",-0.01785,"1.00e+00",-0.00435,"1.00e+00"
"Glycosylation, and Sphingolipid metabolism",18,0.00671,"1.00e+00",-0.00322,"1.00e+00",-0.01664,"1.00e+00"
"Chaperone, and RPAP3/R2TP/prefoldin-like complex",10,0.00657,"1.00e+00",0.00106,"1.00e+00",-0.00551,"1.00e+00"
"Unfolded protein binding, and Chaperone complex",10,0.00657,"1.00e+00",0.00106,"1.00e+00",-0.00551,"1.00e+00"
"Retinol metabolism",2,0.00634,"1.00e+00",-0.0296,"1.00e+00",-0.04228,"1.00e+00"
"rRNA processing, and Ribosomal large subunit biogenesis",5,0.00626,"1.00e+00",-0.00102,"1.00e+00",-0.01355,"1.00e+00"
"rRNA processing, and RNA helicase activity",5,0.00626,"1.00e+00",-0.00102,"1.00e+00",-0.01355,"1.00e+00"
"One carbon pool by folate, and Amino-acid betaine catabolic process",8,0.0058,"1.00e+00",0.00392,"1.00e+00",0.01552,"1.00e+00"
"tRNA modification in the nucleus and cytosol, and Pseudouridine synthase activity",10,0.00573,"1.00e+00",-0.00348,"1.00e+00",0.00225,"1.00e+00"
"tRNA modification, and Enzyme-directed rRNA pseudouridine synthesis",10,0.00573,"1.00e+00",-0.00348,"1.00e+00",0.00225,"1.00e+00"
"Iron-sulfur cluster assembly, and Iron ion transport",11,0.00572,"1.00e+00",-0.00474,"1.00e+00",0.00098,"1.00e+00"
"asparaginyl-tRNA aminoacylation, and glutamyl-tRNA(Gln) amidotransferase complex",3,0.00554,"1.00e+00",0.00544,"1.00e+00",0.01652,"1.00e+00"
"Pyruvate metabolism, and Aspartate biosynthetic process",6,0.00547,"1.00e+00",-0.01386,"1.00e+00",-0.00293,"1.00e+00"
"Cobalamin (Cbl) metabolism",2,0.00531,"1.00e+00",-0.02368,"1.00e+00",-0.01306,"1.00e+00"
"Preribosome, and Ribosome biogenesis",3,0.00521,"1.00e+00",-0.00497,"1.00e+00",-0.01539,"1.00e+00"
"Biotin metabolic process, and Leucine catabolic process",2,0.00512,"1.00e+00",0.00586,"1.00e+00",0.01611,"1.00e+00"
"APEX1-Independent Resolution of AP Sites via the Single Nucleotide Replacement Pathway, and PNK, FHA domain",5,0.00497,"1.00e+00",-0.00588,"1.00e+00",-0.01581,"1.00e+00"
"Signaling, and Signal",30,0.0048,"1.00e+00",0.00429,"1.00e+00",-5e-04,"1.00e+00"
"Glycosphingolipid metabolism, and Mucopolysaccharidoses",5,0.00469,"1.00e+00",-0.01465,"1.00e+00",-0.02403,"1.00e+00"
"Lysosomal storage disease, and The activation of arylsulfatases",5,0.00469,"1.00e+00",-0.01465,"1.00e+00",-0.02403,"1.00e+00"
"Sulfuric ester hydrolase activity, and Other glycan degradation",5,0.00469,"1.00e+00",-0.01465,"1.00e+00",-0.02403,"1.00e+00"
"beta-Alanine metabolism, and Degradation of GABA",2,0.00463,"1.00e+00",-0.01252,"1.00e+00",-0.02178,"1.00e+00"
"Carbon metabolism, and Pyruvate metabolism",48,0.00454,"1.00e+00",-0.00031,"1.00e+00",-0.0094,"1.00e+00"
"Citrate cycle (TCA cycle)",13,0.00437,"1.00e+00",-0.00288,"1.00e+00",-0.01163,"1.00e+00"
"Mitochondrial inner membrane, and Iron-sulfur cluster assembly",30,0.00433,"1.00e+00",-0.0011,"1.00e+00",0.00323,"1.00e+00"
"succinate-CoA ligase complex, and Fumarate reductase complex",3,0.00401,"1.00e+00",-0.00237,"1.00e+00",0.00164,"1.00e+00"
"DNA repair pathways, full network, and HDR through Homologous Recombination (HRR)",15,0.00385,"1.00e+00",-0.0099,"1.00e+00",-0.00221,"1.00e+00"
"Mitochondrial translation elongation",9,0.00374,"1.00e+00",-0.00271,"1.00e+00",-0.0102,"1.00e+00"
"Iron ion transport, and Porphyrin biosynthesis",8,0.00349,"1.00e+00",-0.00709,"1.00e+00",-1e-04,"1.00e+00"
"Class I DNA-(apurinic or apyrimidinic site) endonuclease activity",3,0.00349,"1.00e+00",-0.01884,"1.00e+00",-0.01186,"1.00e+00"
"DNA repair pathways, full network, and DNA-templated DNA replication",17,0.00313,"1.00e+00",-0.01039,"1.00e+00",-0.00413,"1.00e+00"
"Detoxification of Reactive Oxygen Species, and mRNA, protein, and metabolite inducation pathway by cyclosporin A",5,0.00304,"1.00e+00",-0.00277,"1.00e+00",-0.00885,"1.00e+00"
"DNA repair, and Mitosis",18,0.00295,"1.00e+00",-0.00972,"1.00e+00",-0.00383,"1.00e+00"
"Eukaryotic Translation Initiation, and Translation factor activity, RNA binding",21,0.00285,"1.00e+00",-0.008,"1.00e+00",-0.0137,"1.00e+00"
"Alcohol dehydrogenase (NAD+) activity",2,0.00261,"1.00e+00",-0.01103,"1.00e+00",-0.00581,"1.00e+00"
"Dipeptidyl-peptidase activity, and Meprin A complex",2,0.00248,"1.00e+00",-0.01058,"1.00e+00",-0.00561,"1.00e+00"
"Protein folding, and Endoplasmic reticulum protein-containing complex",12,0.00247,"1.00e+00",0.00097,"1.00e+00",-0.0015,"1.00e+00"
"Nicotinate and nicotinamide metabolism, and NAD kinase",6,0.00219,"1.00e+00",0.00176,"1.00e+00",-0.00042,"1.00e+00"
"Chromosome organization, and Nuclear protein-containing complex",24,0.00217,"1.00e+00",-0.00805,"1.00e+00",-0.0037,"1.00e+00"
"Respiratory electron transport, ATP synthesis by chemiosmotic coupling, and heat production by uncoupling proteins., and Cytochrome complex",13,0.00199,"1.00e+00",0.0065,"1.00e+00",0.00253,"1.00e+00"
"Glycolysis, and Pentose-phosphate shunt",15,0.00192,"1.00e+00",-0.00578,"1.00e+00",-0.00193,"1.00e+00"
"Lactate dehydrogenase activity, and Malic oxidoreductase",4,0.00185,"1.00e+00",-0.00432,"1.00e+00",-0.00803,"1.00e+00"
"Citrate cycle (TCA cycle), and Lactate dehydrogenase activity",21,0.00184,"1.00e+00",-0.00532,"1.00e+00",-0.00899,"1.00e+00"
"Citrate cycle (TCA cycle), and Pyruvate metabolism",21,0.00184,"1.00e+00",-0.00532,"1.00e+00",-0.00899,"1.00e+00"
"Glycosylation and related congenital defects, and Synthesis of GDP-mannose",4,0.00162,"1.00e+00",0.00152,"1.00e+00",-1e-04,"1.00e+00"
"Oligosaccharide-lipid intermediate biosynthetic process, and Synthesis of GDP-mannose",4,0.00162,"1.00e+00",0.00152,"1.00e+00",-1e-04,"1.00e+00"
"Inner mitochondrial membrane protein complex, and Mitochondrial respiratory chain complex assembly",15,0.00143,"1.00e+00",0.00183,"1.00e+00",0.0047,"1.00e+00"
"Base excision repair",6,0.0014,"1.00e+00",-0.00501,"1.00e+00",-0.00781,"1.00e+00"
"Base excision repair, and DNA topological change",12,0.00137,"1.00e+00",-0.00388,"1.00e+00",-0.00662,"1.00e+00"
"tRNA Aminoacylation",10,0.00124,"1.00e+00",0.00753,"1.00e+00",0.00504,"1.00e+00"
"Iron-sulfur cluster assembly",3,0.00117,"1.00e+00",0.00152,"1.00e+00",0.00387,"1.00e+00"
"Iron-sulfur cluster assembly, and Essential protein Yae1, N-terminal",3,0.00117,"1.00e+00",0.00152,"1.00e+00",0.00387,"1.00e+00"
"Organellar large ribosomal subunit, and Organellar small ribosomal subunit",14,0.00109,"1.00e+00",-0.00638,"1.00e+00",-0.0042,"1.00e+00"
"Polyamine biosynthetic process",2,0.00035,"1.00e+00",0.00454,"1.00e+00",0.00383,"1.00e+00"
"Polyamine metabolic process, and Hypusine synthesis from eIF5A-lysine",2,0.00035,"1.00e+00",0.00454,"1.00e+00",0.00383,"1.00e+00"
"Spermidine metabolic process, and Polyamine biosynthesis domain",2,0.00035,"1.00e+00",0.00454,"1.00e+00",0.00383,"1.00e+00"
"rRNA processing, and tRNA modification",15,0.00018,"1.00e+00",-0.00266,"1.00e+00",-0.00302,"1.00e+00"
"Glutathione peroxidase, and Thioredoxin peroxidase activity",3,0.00016,"1.00e+00",0.00574,"1.00e+00",0.00541,"1.00e+00"
"Fructose 1,6-bisphosphate metabolic process, and Transketolase or transaldolase activity",2,6e-05,"1.00e+00",0.00288,"1.00e+00",0.00275,"1.00e+00"
